{
  "Grid.Add": "Add",
  "Grid.Cancel": "Cancel",
  "Grid.DisableActionsMessage": "Finish other tasks before editing",
  "Grid.Delete": "Delete",
  "Grid.Edit": "Edit",
  "Grid.No": "No",
  "Grid.NoItems": "There are no items to show in this grid.",
  "Grid.NoColumns": "There are no columns to show in this grid.",
  "Grid.Save": "Save",
  "Grid.Ok": "OK",
  "Grid.Yes": "Yes",
  "Grid.Checked": "Checked",
  "Grid.UnChecked": "Unchecked",
  "Grid.ValueIsMissing": "Value is missing",
  "Grid.Warning": "Warning",
  "Grid.ShowFilteringRow": "Show filtering row",
  "Grid.ColumnSettings": "Column settings",
  "Grid.ColumnSettings.All": "All",
  "Grid.ColumnSettings.AvailableColumns": "Available columns",
  "Grid.ColumnSettings.Header": "Select columns",
  "Grid.ColumnSettings.SelectedColumns": "Selected columns",
  "Grid.ColumnSettings.SearchTooltip": "Search starts when you have entered enough characters",
  "Grid.FloatingSelect.Select": "Select...",
  "Grid.FloatingSelect.Selected": "{n} selected",
  "Grid.FloatingSelect.NoResults": "No search results",
  "Grid.Pagination.RowsOnPage": "Rows on page:",
  "Grid.Pagination.TotalPlural": "Total {n} rows",
  "Grid.Pagination.TotalSingular": "Total 1 row",
  "Grid.Pagination.TotalOver": "Total {n}+ rows (only the first {n} shown)",

  "Validation.Unique": "Value must be unique",
  "Validation.IsRequired": "Value is required",
  "Validation.MinLength": "Value is too short",
  "Validation.MaxLength": "Value is too long",
  "Validation.MinValue": "Value is too big",
  "Validation.MaxValue": "Value is too small",

  "Warning": "Warning"
}